{"cameraMode":{"drawMode":0,"name":"Shaded","section":"Shading Mode"},"sceneLighting":true,"audioPlay":false,"sceneViewState":{"showFog":true,"showMaterialUpdate":false,"showSkybox":true,"showFlares":true,"showImageEffects":true,"showParticleSystems":true},"in2DMode":false,"pivot":{"x":3.3686203956604006,"y":1.5161406993865967,"z":-6.623684883117676},"rotation":{"x":-0.2568967640399933,"y":0.005158208776265383,"z":-0.0013705998426303268,"w":-0.9664369225502014},"size":7.172043800354004,"orthographic":false}